applicant_id,application_date,credit_score,annual_income,industry,years_in_business,loan_amount,loan_term_months,product_type,region,rep_engagement_score,email_open_rate,nps_score,referral_activity,default_flag,future_business_flag
1,2023-11-11,652,53070,Real Estate,9,80316,48,Refinance,West,9,0.3,33,0,0,0
2,2022-08-28,729,91958,Retail,9,38380,24,Term Loan,Northeast,2,0.75,-24,0,0,1
3,2023-04-17,642,117074,Real Estate,8,120198,48,Term Loan,Midwest,5,0.66,87,1,0,0
4,2024-05-18,564,45729,Legal,17,274500,72,Line of Credit,Northeast,6,0.77,-11,0,0,0
5,2024-11-14,656,265785,Healthcare,1,80326,24,Term Loan,Midwest,7,0.29,-87,0,0,0
6,2024-04-16,621,211089,Tech,11,124994,60,Line of Credit,South,5,0.7,-6,0,0,0
7,2023-11-23,738,232392,Retail,8,230971,48,Line of Credit,Midwest,9,0.55,-47,0,0,0
8,2023-04-07,570,193823,Healthcare,10,292193,60,Line of Credit,West,1,0.77,31,0,0,1
9,2023-11-07,652,140864,Retail,7,288226,24,Refinance,Midwest,7,0.39,-62,1,0,0
10,2022-12-30,671,244141,Other,3,272805,60,Refinance,Northeast,10,0.9,-29,0,0,0
11,2022-07-01,760,89748,Other,3,178484,60,Refinance,Northeast,7,0.18,-76,0,0,1
12,2025-03-26,764,40801,Hospitality,18,275064,24,Refinance,Midwest,4,0.83,-24,0,1,0
13,2023-07-18,624,185262,Other,5,255378,72,Term Loan,West,9,0.88,59,0,0,0
14,2024-11-30,752,270362,Real Estate,12,281090,60,Term Loan,South,5,0.84,86,0,0,0
15,2023-02-23,637,64592,Other,12,235314,60,Refinance,West,4,0.56,90,0,0,1
16,2022-06-26,666,174788,Construction,19,245612,72,Term Loan,South,7,0.49,65,0,0,0
17,2024-08-25,649,254963,Tech,6,288453,60,Term Loan,Northeast,4,1.0,19,0,1,1
18,2022-10-13,653,283710,Real Estate,2,65230,60,Line of Credit,West,3,0.31,-48,0,0,1
19,2024-12-09,701,255984,Healthcare,12,69321,60,Line of Credit,South,9,0.59,94,0,1,0
20,2023-04-08,680,293067,Hospitality,19,142028,36,Line of Credit,Midwest,8,0.7,55,1,1,0
21,2023-06-02,699,299512,Hospitality,5,241447,72,Line of Credit,Northeast,1,0.73,30,0,0,1
22,2022-08-01,602,112575,Hospitality,12,346275,60,Term Loan,Midwest,7,0.28,49,0,0,0
23,2022-07-18,551,272549,Healthcare,17,298107,72,Refinance,Northeast,9,0.69,-5,0,0,1
24,2022-09-01,637,105031,Healthcare,17,111757,48,Term Loan,West,8,0.84,65,0,1,1
25,2023-09-29,785,122922,Healthcare,10,311207,48,Term Loan,West,8,0.15,99,0,0,0
26,2024-08-26,707,159046,Healthcare,23,276847,60,Term Loan,Northeast,6,0.92,-29,0,0,0
27,2023-06-22,587,67097,Hospitality,17,206200,72,Line of Credit,Northeast,4,0.13,-39,0,0,1
28,2024-03-31,679,177038,Hospitality,15,82099,72,Line of Credit,Northeast,8,0.42,84,0,0,1
29,2025-03-11,741,159862,Retail,12,172932,72,Line of Credit,West,3,0.11,-95,0,0,0
30,2024-09-11,737,265229,Real Estate,16,41585,36,Refinance,South,9,0.17,-69,1,0,0
31,2022-05-05,570,153834,Tech,24,53585,48,Term Loan,Midwest,2,0.92,-2,1,1,0
32,2024-08-06,710,128848,Other,19,299102,72,Refinance,Midwest,2,0.42,37,0,1,0
33,2022-10-24,753,87921,Other,8,298161,72,Line of Credit,West,7,0.48,30,0,1,0
34,2024-04-03,607,215798,Construction,21,301570,36,Refinance,Midwest,10,0.29,86,1,0,0
35,2025-01-14,571,161141,Hospitality,17,289922,36,Term Loan,Northeast,4,0.64,-25,1,0,0
36,2024-04-09,785,216372,Construction,23,186313,72,Term Loan,South,10,0.64,76,0,0,0
37,2022-08-03,638,90609,Real Estate,5,52229,24,Line of Credit,Midwest,8,0.43,-42,0,0,0
38,2023-04-11,598,262897,Real Estate,22,96652,72,Line of Credit,South,9,0.4,-70,0,0,0
39,2024-03-12,768,66024,Construction,16,259474,72,Refinance,Northeast,7,0.9,-8,0,0,0
40,2024-10-17,608,105313,Hospitality,6,189436,36,Line of Credit,Midwest,5,0.44,-32,0,0,0
41,2022-10-06,719,219078,Construction,8,270116,36,Line of Credit,West,8,0.54,89,0,1,0
42,2025-01-01,769,148632,Other,18,329200,72,Term Loan,South,4,0.35,-49,0,0,0
43,2022-10-10,737,286451,Retail,12,29975,72,Line of Credit,Northeast,2,0.81,-12,0,0,0
44,2022-05-01,757,38051,Other,15,167795,72,Line of Credit,South,6,0.46,26,0,0,0
45,2025-03-05,564,214819,Legal,9,219373,36,Term Loan,Midwest,9,0.56,68,0,0,1
46,2023-04-19,739,122235,Hospitality,13,207133,72,Term Loan,Midwest,1,0.33,-70,0,0,0
47,2024-01-26,739,232484,Hospitality,15,190225,72,Refinance,West,10,0.99,-17,0,1,1
48,2024-07-07,724,224407,Tech,10,305286,60,Line of Credit,Northeast,7,0.36,26,0,1,0
49,2022-06-28,739,246810,Healthcare,16,299060,24,Term Loan,Northeast,10,0.79,49,1,1,0
50,2022-10-04,600,238687,Legal,7,74324,48,Refinance,West,9,0.48,31,0,1,1
51,2024-09-05,657,108523,Real Estate,17,186037,24,Refinance,West,10,0.29,-88,0,0,0
52,2022-12-15,604,271175,Hospitality,23,145720,60,Line of Credit,Northeast,9,0.82,-56,0,0,0
53,2024-09-09,793,129476,Construction,21,176205,48,Line of Credit,South,10,0.4,26,0,0,0
54,2024-10-30,613,268841,Legal,22,106059,72,Refinance,South,3,0.88,69,1,0,0
55,2024-02-23,798,257866,Tech,7,108317,60,Term Loan,West,5,0.92,13,0,0,0
56,2024-04-24,680,121672,Real Estate,14,211207,72,Refinance,South,8,0.87,76,0,0,0
57,2023-03-25,778,108847,Healthcare,15,307190,36,Line of Credit,Northeast,8,0.13,-81,0,0,0
58,2022-08-24,600,245706,Healthcare,21,111459,60,Term Loan,Midwest,4,0.81,-20,0,0,0
59,2024-08-21,684,63251,Tech,7,247697,36,Term Loan,Midwest,1,0.47,81,1,0,1
60,2024-03-10,570,138481,Tech,9,210422,60,Refinance,South,1,0.89,63,1,0,0
61,2023-03-14,622,60945,Construction,19,318037,60,Line of Credit,West,4,0.67,28,0,0,0
62,2023-11-02,716,67217,Hospitality,16,111520,36,Refinance,West,6,0.85,42,0,0,1
63,2023-12-08,567,43308,Healthcare,8,71272,48,Refinance,West,8,0.55,-84,1,0,0
64,2024-01-04,681,218062,Real Estate,18,233224,24,Refinance,West,6,0.58,51,1,0,0
65,2025-04-25,638,255552,Legal,23,339793,72,Term Loan,West,9,0.23,-43,0,0,0
66,2023-01-28,609,135235,Real Estate,18,336818,60,Term Loan,South,9,0.81,-29,0,0,0
67,2023-04-27,563,109740,Retail,20,154832,72,Line of Credit,Midwest,2,0.48,8,0,0,0
68,2024-06-15,791,260913,Retail,7,162999,36,Line of Credit,Midwest,10,0.55,-78,1,0,1
69,2024-08-10,799,212247,Tech,3,71367,72,Refinance,South,1,0.81,73,0,0,1
70,2022-09-16,558,173877,Construction,18,239027,36,Refinance,West,2,0.64,-29,0,0,0
71,2023-08-11,639,40237,Retail,10,242750,72,Refinance,South,5,0.28,-93,0,0,0
72,2025-04-04,602,55056,Healthcare,7,245806,24,Line of Credit,Midwest,4,0.63,-42,0,0,0
73,2024-08-09,679,211615,Real Estate,17,193305,24,Term Loan,Northeast,4,0.47,10,0,0,0
74,2024-03-16,633,222628,Real Estate,14,54738,24,Term Loan,South,9,0.52,86,0,0,1
75,2024-01-04,641,149548,Tech,24,43397,24,Refinance,West,8,0.13,-88,0,0,0
76,2022-10-31,660,169415,Hospitality,3,348511,24,Refinance,Midwest,6,0.29,66,0,0,0
77,2024-04-09,737,64375,Hospitality,12,212332,24,Refinance,Midwest,1,0.35,55,0,0,1
78,2023-12-03,748,175734,Legal,13,348763,36,Refinance,Midwest,2,0.74,88,0,0,0
79,2023-05-16,721,51964,Tech,2,121453,60,Line of Credit,Midwest,6,0.11,-85,0,0,0
80,2023-12-25,557,148429,Other,3,29816,72,Term Loan,West,2,0.47,18,1,0,0
81,2023-11-28,724,287764,Legal,5,255011,24,Refinance,Northeast,10,0.93,-99,0,0,1
82,2023-10-10,584,225710,Other,11,223567,36,Line of Credit,Midwest,5,0.2,44,0,0,0
83,2023-05-14,755,251139,Hospitality,8,81635,36,Refinance,South,5,0.56,-71,0,0,1
84,2024-08-11,630,102215,Tech,23,226184,36,Refinance,Northeast,6,0.81,2,0,0,0
85,2023-02-18,713,179356,Other,23,308090,60,Term Loan,Midwest,6,0.95,-88,0,0,1
86,2023-04-27,599,238861,Tech,12,327348,72,Refinance,Northeast,6,0.77,-5,0,0,1
87,2025-04-11,653,44435,Tech,7,192958,60,Term Loan,South,2,0.75,-7,0,0,0
88,2022-07-01,681,210150,Hospitality,15,287707,48,Term Loan,Midwest,10,0.84,-19,0,1,0
89,2023-11-13,551,86293,Legal,24,102324,36,Term Loan,South,3,0.5,-88,0,0,0
90,2024-11-08,683,113781,Legal,17,233536,48,Line of Credit,West,6,0.83,70,0,0,0
91,2025-02-02,603,226475,Tech,4,242944,24,Line of Credit,Midwest,8,0.11,-7,0,0,0
92,2023-11-22,655,195196,Retail,22,281991,24,Term Loan,Midwest,1,0.93,48,0,0,0
93,2024-03-03,553,261507,Construction,13,36155,60,Refinance,Midwest,1,0.5,11,0,0,0
94,2022-10-31,603,274833,Hospitality,18,126891,72,Term Loan,Midwest,2,0.6,-46,0,0,0
95,2022-12-28,770,287377,Construction,1,159381,48,Refinance,West,6,0.33,-20,1,0,0
96,2023-06-27,740,201319,Construction,16,141691,72,Term Loan,Midwest,9,0.77,67,1,1,0
97,2023-03-13,695,156172,Legal,13,44707,60,Refinance,Northeast,4,0.17,15,0,0,0
98,2025-03-03,767,94101,Legal,10,207576,24,Line of Credit,Midwest,3,0.89,42,0,0,1
99,2025-03-22,593,58049,Retail,12,188686,72,Refinance,West,8,0.85,79,0,1,0
100,2022-05-09,711,245677,Construction,2,232500,72,Term Loan,Midwest,10,0.29,7,0,0,0
101,2024-12-20,751,103385,Construction,23,272425,24,Line of Credit,Northeast,9,0.83,-48,0,1,1
102,2025-03-16,739,161131,Tech,3,168492,48,Refinance,West,5,0.81,27,1,0,0
103,2022-11-03,777,231489,Legal,10,180102,24,Refinance,West,9,0.67,79,0,1,1
104,2023-04-13,563,58289,Construction,2,227285,72,Refinance,Northeast,2,0.44,57,1,0,0
105,2024-10-06,644,226232,Real Estate,23,348404,48,Refinance,Northeast,3,0.34,60,0,0,0
106,2025-02-08,597,44540,Retail,13,169476,48,Refinance,Northeast,7,0.31,-44,0,1,0
107,2022-12-20,564,51364,Other,13,244554,24,Line of Credit,Northeast,7,0.39,-49,0,0,0
108,2024-06-13,749,62663,Real Estate,18,170928,72,Line of Credit,Northeast,6,0.91,36,0,0,0
109,2024-11-28,755,86991,Real Estate,3,150272,60,Line of Credit,West,6,0.17,81,0,0,0
110,2024-09-26,764,223751,Other,7,336322,72,Line of Credit,West,2,0.85,10,0,0,0
111,2025-02-09,798,197049,Hospitality,14,306141,36,Term Loan,Midwest,10,0.41,-100,0,0,0
112,2024-09-17,739,129704,Hospitality,20,129273,60,Line of Credit,Midwest,6,0.57,-57,1,0,0
113,2024-09-02,589,84115,Retail,17,182307,48,Refinance,South,4,0.82,-26,0,0,0
114,2022-11-08,762,254295,Real Estate,21,258500,60,Refinance,Midwest,3,0.9,-3,1,0,0
115,2023-10-15,757,226962,Construction,12,176129,48,Line of Credit,Midwest,2,0.41,-92,1,0,0
116,2022-07-16,786,232459,Legal,16,142311,48,Refinance,Northeast,1,0.52,-69,0,0,1
117,2025-03-27,631,184143,Retail,24,244746,60,Line of Credit,Northeast,5,0.47,-86,0,0,0
118,2024-02-08,660,225347,Tech,12,255546,48,Refinance,Midwest,2,0.11,39,0,0,1
119,2023-07-16,602,46938,Other,15,206733,48,Term Loan,South,2,0.37,84,1,0,1
120,2022-11-24,573,39000,Real Estate,10,136945,36,Term Loan,Northeast,7,0.51,35,0,0,0
121,2023-01-03,703,236660,Retail,7,55272,72,Line of Credit,Midwest,8,0.47,-29,0,0,0
122,2023-07-03,766,286492,Healthcare,20,333356,72,Line of Credit,Midwest,10,0.75,54,0,0,0
123,2023-07-15,737,73304,Healthcare,5,156470,36,Line of Credit,West,8,0.45,89,0,0,0
124,2024-04-05,673,117986,Hospitality,1,130030,60,Refinance,South,4,0.54,-89,0,1,0
125,2022-10-18,786,186836,Other,17,328647,24,Line of Credit,West,1,0.49,-36,0,0,0
126,2025-01-17,590,143940,Legal,3,16570,24,Term Loan,South,7,0.77,6,0,0,0
127,2023-04-16,706,178233,Construction,13,340929,24,Refinance,Northeast,1,0.88,-59,1,0,0
128,2024-10-01,564,132532,Legal,14,19110,36,Line of Credit,South,4,0.58,89,0,0,0
129,2024-06-19,594,135386,Legal,24,89141,36,Refinance,Midwest,8,0.81,14,1,1,0
130,2022-05-16,614,62350,Legal,18,22115,48,Refinance,Midwest,2,0.37,38,0,0,1
131,2024-06-12,638,128008,Other,4,49062,24,Line of Credit,South,6,0.59,2,1,0,0
132,2022-06-16,620,60351,Legal,18,295055,60,Refinance,South,6,0.41,70,0,1,0
133,2023-10-26,558,123668,Tech,5,114061,60,Term Loan,South,9,0.47,-6,0,0,0
134,2024-03-06,637,149585,Other,16,304700,24,Term Loan,West,5,0.76,-84,0,0,0
135,2022-09-23,678,242869,Tech,1,11969,24,Refinance,South,10,0.89,59,1,0,0
136,2024-05-27,785,100953,Other,21,315897,24,Line of Credit,Northeast,4,0.21,-16,0,0,0
137,2022-07-20,685,38267,Hospitality,14,131863,36,Refinance,West,5,0.67,67,1,1,0
138,2025-02-21,765,117745,Retail,15,282369,36,Term Loan,West,10,0.62,50,1,1,0
139,2024-03-04,612,192164,Healthcare,9,133008,36,Refinance,South,5,0.21,-45,0,0,1
140,2022-05-04,688,46338,Legal,15,164268,72,Refinance,Northeast,8,0.29,33,0,0,1
141,2023-02-04,792,166484,Hospitality,17,115823,60,Term Loan,West,10,0.38,-15,0,1,0
142,2024-04-29,630,42543,Retail,24,285813,60,Refinance,Midwest,8,0.25,77,0,0,0
143,2022-06-13,685,95692,Healthcare,4,120677,48,Refinance,West,2,0.32,1,1,0,0
144,2023-11-23,712,255156,Real Estate,12,256958,36,Line of Credit,South,7,0.34,64,0,1,0
145,2024-03-14,712,258992,Construction,5,58320,72,Line of Credit,Northeast,8,0.4,91,0,0,0
146,2024-10-03,582,73756,Tech,5,156649,72,Term Loan,South,6,0.77,-47,1,0,0
147,2024-11-03,672,53888,Real Estate,11,135354,60,Term Loan,Midwest,5,0.61,99,0,0,1
148,2024-12-02,554,201807,Other,6,98009,36,Term Loan,Midwest,9,0.99,76,1,1,0
149,2022-07-17,783,149352,Healthcare,7,267437,48,Line of Credit,Midwest,3,0.47,14,0,0,0
150,2023-06-26,780,120999,Real Estate,24,38625,36,Term Loan,South,10,0.78,38,0,0,0
151,2025-04-09,799,52955,Construction,14,222112,24,Term Loan,West,4,0.88,-13,0,0,0
152,2023-05-06,590,105640,Hospitality,24,296233,36,Term Loan,South,9,0.71,-52,0,0,0
153,2025-02-18,577,231582,Healthcare,11,46487,24,Line of Credit,Northeast,6,0.47,48,0,0,1
154,2024-02-10,684,254798,Real Estate,13,238071,24,Refinance,West,8,0.78,14,0,0,0
155,2022-09-07,750,96476,Tech,2,322282,48,Term Loan,Midwest,7,0.28,93,0,0,0
156,2023-11-15,621,202280,Tech,7,183895,60,Refinance,South,2,0.39,-38,0,0,0
157,2022-08-28,561,186222,Retail,20,326205,36,Term Loan,Midwest,3,0.59,3,0,1,0
158,2023-09-20,711,106180,Real Estate,4,111376,24,Refinance,Midwest,1,0.62,-18,0,0,0
159,2023-09-28,582,209358,Legal,8,319199,36,Line of Credit,Northeast,9,0.12,2,0,1,0
160,2023-01-21,597,147856,Real Estate,20,253341,60,Line of Credit,West,7,0.95,55,0,0,0
161,2024-02-16,796,221141,Hospitality,22,291652,60,Term Loan,Northeast,1,0.73,-84,0,0,1
162,2023-06-01,700,145448,Healthcare,21,168056,72,Refinance,Northeast,3,0.55,-95,0,0,0
163,2025-04-06,611,49397,Healthcare,19,120169,60,Line of Credit,Northeast,4,0.94,46,0,0,0
164,2022-09-20,765,213031,Hospitality,13,280269,48,Term Loan,Midwest,4,0.5,83,0,1,0
165,2023-05-27,586,154180,Real Estate,14,46059,24,Term Loan,Northeast,5,0.98,-73,0,0,1
166,2025-04-04,648,101234,Hospitality,10,113409,72,Line of Credit,Northeast,3,0.56,93,0,0,0
167,2023-10-11,721,74954,Construction,11,15704,48,Line of Credit,West,3,0.2,-63,1,0,0
168,2024-10-07,653,213352,Other,2,214456,36,Term Loan,West,1,0.79,18,0,0,0
169,2022-08-19,763,114459,Hospitality,9,228200,24,Refinance,Northeast,7,0.71,-64,0,0,0
170,2023-04-15,768,230004,Tech,17,121279,60,Refinance,West,10,0.8,14,0,0,0
171,2024-01-30,584,235968,Hospitality,3,168280,24,Refinance,West,1,0.96,-33,0,0,1
172,2024-12-27,742,94163,Healthcare,24,128516,36,Term Loan,Northeast,2,0.8,76,1,0,0
173,2024-07-15,776,86934,Tech,6,207096,72,Line of Credit,Midwest,4,0.65,-58,0,0,0
174,2024-05-21,650,230967,Healthcare,5,242549,72,Term Loan,Northeast,4,0.87,63,0,0,0
175,2022-08-29,724,40486,Retail,5,39165,72,Line of Credit,West,5,0.71,-43,0,0,1
176,2024-02-23,755,174407,Legal,22,77203,60,Refinance,Midwest,2,0.47,-88,0,0,0
177,2023-09-06,680,161020,Healthcare,15,276258,48,Refinance,South,4,0.9,-49,0,0,0
178,2022-07-17,550,137795,Tech,23,46321,48,Line of Credit,Midwest,1,0.3,-43,0,0,0
179,2024-08-08,554,255184,Retail,17,345441,24,Line of Credit,West,2,0.74,-69,0,0,0
180,2024-05-21,767,177202,Healthcare,9,255014,60,Term Loan,Midwest,1,0.89,4,0,0,0
181,2022-10-25,796,272027,Construction,3,166498,72,Refinance,Northeast,10,0.76,87,0,1,0
182,2023-07-31,691,153324,Hospitality,20,27772,72,Term Loan,South,10,0.73,-18,0,0,0
183,2024-01-18,652,232775,Legal,17,275856,36,Term Loan,South,4,0.78,85,0,0,0
184,2022-09-09,576,298206,Healthcare,10,248389,36,Term Loan,South,4,0.52,-2,0,1,0
185,2022-10-14,686,119076,Retail,3,125142,72,Refinance,West,7,0.89,3,1,1,0
186,2024-01-31,756,124780,Construction,18,101736,72,Term Loan,West,10,0.28,83,0,0,0
187,2024-03-02,564,187617,Real Estate,18,61924,60,Term Loan,South,9,0.21,-73,1,1,1
188,2022-06-02,639,56689,Retail,17,13726,48,Term Loan,Midwest,9,0.36,28,0,0,1
189,2024-04-22,591,44348,Hospitality,24,37723,36,Term Loan,South,5,0.58,69,0,0,1
190,2022-08-12,673,73102,Retail,3,244182,48,Term Loan,Midwest,10,0.56,-53,0,0,1
191,2022-07-19,754,109460,Construction,3,150180,60,Term Loan,Midwest,1,0.84,-61,0,0,0
192,2022-07-25,728,124930,Retail,6,218786,72,Refinance,West,1,0.46,-4,0,0,0
193,2024-10-18,612,41801,Construction,13,45643,48,Term Loan,Midwest,6,0.54,90,0,0,0
194,2022-08-08,645,138150,Healthcare,24,172396,72,Line of Credit,South,2,0.11,99,0,0,0
195,2024-12-20,780,238339,Other,15,224432,72,Term Loan,West,8,0.47,13,1,1,0
196,2024-02-02,790,214208,Construction,9,149999,24,Term Loan,Northeast,9,0.68,31,0,1,0
197,2023-10-06,601,189697,Construction,4,89973,48,Refinance,Northeast,4,0.11,65,0,0,1
198,2023-07-12,645,248945,Legal,14,335593,48,Refinance,West,5,0.35,54,0,1,0
199,2023-02-07,681,266915,Construction,5,119834,72,Line of Credit,South,8,0.29,36,0,1,0
200,2024-11-03,771,238664,Construction,2,246386,60,Line of Credit,Northeast,3,0.14,10,0,0,1
201,2022-12-27,778,243124,Real Estate,11,297681,24,Refinance,Northeast,5,0.53,43,0,0,0
202,2024-03-04,700,36542,Other,9,349720,72,Refinance,Midwest,3,0.26,83,1,0,0
203,2023-11-30,780,212804,Healthcare,24,117522,36,Term Loan,Midwest,10,0.77,-25,0,1,1
204,2022-12-10,786,216415,Hospitality,3,32612,36,Refinance,South,3,0.86,-70,0,0,0
205,2022-08-08,692,74081,Legal,9,235049,24,Line of Credit,West,3,0.59,18,0,0,0
206,2025-04-02,720,228928,Real Estate,3,278615,60,Term Loan,South,7,0.98,41,1,0,0
207,2022-05-12,578,254930,Tech,2,176703,72,Line of Credit,West,7,0.51,-76,0,0,0
208,2024-01-07,585,249532,Other,12,250069,48,Term Loan,Northeast,7,0.56,-67,0,0,1
209,2024-04-16,562,123092,Healthcare,10,233131,24,Refinance,Midwest,10,0.99,-34,0,0,0
210,2024-11-12,709,63295,Healthcare,9,41348,60,Line of Credit,South,8,0.31,51,0,0,0
211,2024-05-13,620,48807,Tech,15,205804,48,Term Loan,South,5,0.95,17,0,1,0
212,2022-06-17,736,192504,Hospitality,8,273321,36,Term Loan,West,5,0.14,-28,0,1,0
213,2023-08-23,792,273067,Construction,5,145832,36,Refinance,West,4,0.5,-75,0,0,1
214,2024-05-18,635,203152,Real Estate,11,304923,48,Refinance,South,7,0.16,47,0,1,0
215,2024-09-11,577,201981,Retail,2,293780,24,Refinance,West,10,0.76,91,0,0,0
216,2022-11-03,615,255411,Legal,24,91889,36,Line of Credit,South,4,0.65,3,0,0,0
217,2025-01-26,719,54870,Retail,15,63551,72,Term Loan,South,2,0.74,-91,0,0,0
218,2022-06-25,594,238196,Tech,6,152635,48,Refinance,South,4,0.44,-34,0,1,1
219,2022-05-13,611,283683,Healthcare,8,56819,48,Line of Credit,Northeast,8,0.43,51,0,1,0
220,2023-08-06,734,269677,Hospitality,5,345914,36,Line of Credit,West,9,0.14,-96,0,0,0
221,2022-07-26,794,61790,Healthcare,16,222781,24,Line of Credit,Midwest,3,0.41,94,0,1,0
222,2023-05-28,683,153874,Legal,18,168059,72,Refinance,Midwest,7,0.94,85,1,0,1
223,2023-01-29,577,259786,Healthcare,6,199420,24,Refinance,West,9,0.44,-74,1,0,0
224,2024-09-04,577,50485,Healthcare,5,34596,60,Term Loan,South,4,0.85,12,0,0,1
225,2024-05-23,657,121188,Legal,16,336250,60,Term Loan,Midwest,10,0.86,-86,0,0,0
226,2025-02-13,593,39748,Real Estate,13,69182,36,Refinance,Midwest,3,0.44,62,0,0,1
227,2024-11-23,633,252841,Real Estate,5,311454,36,Line of Credit,West,5,0.67,4,0,1,0
228,2022-07-09,579,175507,Legal,13,328232,36,Line of Credit,Midwest,1,0.19,80,0,0,0
229,2025-02-14,739,158961,Hospitality,17,138803,60,Line of Credit,South,3,0.19,-57,0,0,0
230,2022-09-25,624,65355,Tech,18,149978,24,Term Loan,West,8,0.14,-75,0,0,0
231,2023-01-20,677,221843,Other,8,309058,24,Line of Credit,South,8,0.62,74,0,0,1
232,2024-05-02,799,191542,Healthcare,13,55379,36,Term Loan,Midwest,4,0.48,61,0,1,1
233,2022-09-29,796,208416,Hospitality,19,255900,72,Term Loan,Midwest,2,0.59,-6,0,0,0
234,2022-07-16,641,74298,Healthcare,3,268517,24,Line of Credit,South,8,0.57,77,0,0,0
235,2022-09-22,766,96629,Other,24,318557,60,Line of Credit,Northeast,8,0.42,-17,0,1,0
236,2023-05-30,780,265907,Tech,8,147084,48,Refinance,Midwest,10,0.71,39,1,0,1
237,2024-08-14,739,58960,Real Estate,2,191187,48,Refinance,Northeast,4,0.78,31,1,0,0
238,2024-06-10,774,248920,Hospitality,8,279295,48,Line of Credit,Midwest,3,0.11,-14,0,0,0
239,2024-06-01,678,277804,Construction,13,67716,72,Term Loan,Northeast,2,0.29,75,0,0,0
240,2025-03-26,670,164695,Construction,13,233725,36,Term Loan,Northeast,9,0.74,82,0,0,0
241,2024-08-01,576,269286,Other,1,177450,60,Term Loan,Northeast,1,0.45,11,0,0,0
242,2023-06-05,739,163148,Construction,6,183724,72,Term Loan,South,7,0.7,28,0,1,0
243,2024-11-24,670,227714,Real Estate,24,213502,60,Term Loan,Northeast,5,0.41,-12,0,1,0
244,2023-04-23,665,242611,Other,19,154539,60,Refinance,Northeast,8,0.45,-35,0,0,1
245,2023-07-19,754,294747,Real Estate,16,131999,36,Line of Credit,Northeast,4,0.24,57,0,0,0
246,2022-09-12,782,126362,Tech,8,124793,48,Refinance,Midwest,7,0.33,30,0,1,0
247,2023-12-04,552,149065,Healthcare,1,22289,36,Term Loan,Northeast,5,0.64,21,0,0,0
248,2022-08-21,652,52640,Tech,16,186048,72,Term Loan,Midwest,5,0.49,48,0,0,1
249,2023-08-17,747,87528,Tech,9,184668,72,Term Loan,Northeast,9,0.8,-17,0,0,0
250,2023-07-07,749,294214,Real Estate,13,241513,72,Term Loan,Northeast,9,0.87,76,1,1,0
251,2024-08-20,704,145133,Other,11,267368,36,Line of Credit,South,9,0.59,15,0,0,0
252,2024-10-23,686,234938,Other,13,96365,60,Term Loan,Midwest,6,0.78,89,0,0,0
253,2025-01-01,611,185159,Construction,21,240662,60,Line of Credit,Northeast,6,0.38,15,1,0,0
254,2022-09-27,714,207502,Retail,10,185211,24,Term Loan,Midwest,5,0.47,-63,1,1,1
255,2024-11-20,774,190576,Healthcare,4,189785,72,Line of Credit,Midwest,9,0.74,42,0,0,1
256,2024-08-07,600,46023,Real Estate,6,82588,60,Refinance,West,10,0.45,9,1,1,0
257,2023-12-23,783,56447,Construction,7,73646,24,Term Loan,South,8,0.63,79,0,0,0
258,2023-11-30,721,101203,Hospitality,5,275798,60,Line of Credit,South,7,0.27,-55,0,0,1
259,2023-05-03,701,195775,Retail,11,290887,72,Refinance,South,7,0.64,-76,0,0,0
260,2023-04-17,756,44337,Retail,13,320512,48,Term Loan,West,6,0.88,-80,0,0,1
261,2023-11-05,608,81427,Real Estate,19,231097,72,Term Loan,West,5,0.88,20,0,1,0
262,2023-06-28,667,140787,Legal,23,215244,36,Term Loan,South,4,0.75,21,0,0,1
263,2023-02-15,709,197993,Healthcare,10,129735,60,Line of Credit,West,3,0.77,32,0,0,1
264,2023-06-30,645,162016,Retail,10,165683,60,Line of Credit,West,3,0.6,-31,0,0,1
265,2022-07-10,765,55159,Real Estate,11,117971,36,Refinance,West,6,0.63,12,0,0,0
266,2023-06-27,782,213677,Real Estate,21,22149,36,Line of Credit,South,4,0.22,6,0,0,0
267,2025-02-25,729,201619,Construction,7,331333,48,Line of Credit,South,6,0.5,11,0,0,1
268,2023-02-07,662,117844,Hospitality,18,248976,60,Term Loan,South,3,0.51,7,0,1,0
269,2024-10-07,611,62532,Legal,4,343175,60,Term Loan,West,4,0.96,-54,0,0,0
270,2024-01-17,790,200421,Healthcare,2,52668,48,Term Loan,South,9,0.49,95,1,0,0
271,2022-11-24,735,157402,Other,14,98204,24,Term Loan,West,5,0.59,-10,0,0,1
272,2023-07-05,601,153012,Tech,13,221830,48,Term Loan,Northeast,7,0.58,-83,0,0,1
273,2023-04-25,561,91178,Hospitality,12,206501,72,Term Loan,West,10,0.67,48,0,0,0
274,2024-08-17,588,84407,Hospitality,7,175140,60,Term Loan,Midwest,2,0.77,3,0,1,1
275,2022-07-16,679,85990,Construction,2,229861,36,Refinance,South,5,0.3,50,0,0,0
276,2023-12-15,680,164473,Other,13,150507,72,Refinance,South,9,0.58,91,0,0,0
277,2023-12-27,662,261156,Retail,14,235160,60,Refinance,Midwest,3,0.84,94,0,0,0
278,2023-12-01,650,203964,Retail,17,193321,48,Refinance,West,9,0.52,-61,0,1,0
279,2025-03-02,662,36015,Construction,9,47384,72,Term Loan,Northeast,6,0.35,37,1,0,0
280,2024-03-04,733,96813,Real Estate,17,91929,60,Refinance,Midwest,4,0.69,-12,0,0,1
281,2024-08-20,630,62712,Retail,8,86153,24,Term Loan,Midwest,7,0.84,79,0,0,0
282,2023-08-28,736,135497,Legal,2,245128,24,Refinance,West,8,0.16,99,1,0,0
283,2023-10-13,662,277926,Healthcare,24,85388,36,Line of Credit,South,6,0.8,-40,0,0,1
284,2023-05-12,551,147816,Hospitality,13,41401,60,Refinance,West,5,0.84,91,0,0,0
285,2024-08-24,679,163778,Hospitality,3,212903,24,Refinance,Midwest,6,0.52,-96,0,0,1
286,2025-01-27,769,97292,Legal,16,129503,48,Term Loan,Midwest,5,0.98,21,0,0,0
287,2023-08-26,603,170230,Other,6,242601,60,Refinance,South,8,0.81,80,0,1,1
288,2022-12-08,636,228752,Retail,19,137834,48,Line of Credit,South,1,0.8,-46,0,0,0
289,2024-11-13,778,186456,Hospitality,7,44084,48,Term Loan,South,7,0.77,-64,0,0,1
290,2024-12-28,773,140570,Tech,10,261459,24,Term Loan,West,10,0.24,-45,0,0,0
291,2023-10-20,774,35404,Other,9,120641,60,Refinance,South,10,0.3,86,0,0,0
292,2024-10-10,678,213998,Healthcare,2,115111,72,Term Loan,Midwest,2,0.52,1,0,0,1
293,2023-01-31,696,184456,Healthcare,15,148299,24,Term Loan,Midwest,9,0.34,-8,0,0,0
294,2023-04-02,675,226172,Hospitality,5,172982,24,Term Loan,Northeast,1,0.47,96,1,0,0
295,2023-09-25,679,175932,Construction,22,308185,60,Term Loan,West,10,0.9,-28,0,0,0
296,2023-12-28,602,270365,Other,4,337825,60,Term Loan,Northeast,6,0.84,-42,0,1,0
297,2024-12-25,721,85612,Hospitality,20,244386,48,Term Loan,Midwest,9,0.67,-99,0,0,0
298,2025-01-07,767,235244,Construction,4,206553,60,Line of Credit,Northeast,1,0.87,92,0,1,0
299,2022-12-18,709,39809,Hospitality,18,270337,48,Refinance,Midwest,4,0.81,3,0,0,0
300,2023-03-20,747,198273,Tech,4,137556,24,Line of Credit,Northeast,4,0.49,87,0,0,0
301,2023-05-15,709,219402,Other,17,205246,36,Term Loan,South,9,0.28,-50,1,0,0
302,2022-11-01,796,179528,Real Estate,12,36160,72,Term Loan,Northeast,5,0.56,-71,1,0,0
303,2022-12-03,617,73765,Healthcare,22,256242,24,Refinance,South,5,0.76,-90,0,0,0
304,2024-07-27,732,56949,Hospitality,17,27633,60,Line of Credit,South,6,0.49,7,0,0,0
305,2022-11-16,752,236152,Tech,10,289158,72,Refinance,West,1,0.7,-25,0,1,0
306,2023-05-15,733,211615,Construction,22,59104,36,Line of Credit,South,1,0.18,66,0,1,1
307,2025-02-01,672,127193,Construction,1,349375,36,Term Loan,South,9,0.77,-11,0,0,0
308,2022-06-24,694,71187,Healthcare,22,78388,48,Refinance,Northeast,3,0.83,22,0,0,0
309,2024-06-06,587,173311,Legal,24,26014,72,Refinance,Midwest,4,0.74,99,0,0,0
310,2023-11-15,573,224089,Hospitality,18,102578,48,Term Loan,West,1,0.97,90,0,0,0
311,2024-10-02,618,96877,Other,18,174827,24,Refinance,South,9,0.84,91,0,0,0
312,2024-05-23,665,129074,Retail,14,50390,72,Line of Credit,West,8,0.91,88,1,1,0
313,2023-04-21,647,198121,Construction,15,295855,24,Line of Credit,Northeast,2,0.94,24,0,0,0
314,2023-07-05,747,72131,Other,12,101658,48,Line of Credit,South,8,0.82,81,0,0,0
315,2024-07-11,763,150765,Other,4,67993,72,Line of Credit,Northeast,7,0.71,21,0,0,0
316,2023-09-01,688,141884,Real Estate,3,215768,48,Term Loan,West,6,0.11,-7,0,0,0
317,2023-12-26,789,160917,Other,20,168285,72,Refinance,Northeast,1,0.52,2,0,0,0
318,2022-09-09,693,208880,Other,12,256860,48,Line of Credit,West,7,0.61,85,0,0,0
319,2023-06-23,646,50254,Real Estate,7,279565,36,Term Loan,Northeast,10,0.37,83,0,0,1
320,2022-05-04,750,79238,Construction,11,228008,48,Refinance,West,7,0.39,61,0,0,0
321,2024-11-22,673,36252,Other,1,27727,36,Refinance,Midwest,9,0.97,-70,0,0,0
322,2023-10-15,736,116317,Legal,6,14358,48,Term Loan,Northeast,1,0.9,-49,0,1,1
323,2022-12-29,619,113587,Legal,15,337252,72,Term Loan,Northeast,2,0.86,-12,0,0,0
324,2023-07-27,757,41949,Tech,15,267681,72,Line of Credit,Midwest,9,0.47,-25,1,0,0
325,2022-06-29,642,273897,Real Estate,19,104018,72,Refinance,Midwest,9,0.11,28,0,0,1
326,2022-12-02,552,239625,Tech,11,304054,60,Refinance,Northeast,6,0.17,82,0,0,1
327,2023-04-13,697,173013,Real Estate,23,136888,24,Term Loan,Midwest,6,0.38,-79,0,0,0
328,2023-12-22,736,60934,Hospitality,2,239104,72,Refinance,South,4,0.11,-61,1,1,0
329,2023-09-14,713,291434,Hospitality,14,327898,36,Line of Credit,West,4,0.12,0,0,0,0
330,2023-07-06,696,285875,Other,2,203510,72,Refinance,West,5,0.92,10,0,0,1
331,2022-10-20,639,105390,Retail,4,119847,60,Term Loan,West,3,0.74,28,0,0,0
332,2024-05-29,744,218401,Hospitality,17,310611,36,Term Loan,South,1,0.38,-36,0,0,0
333,2024-07-22,696,288490,Retail,3,306037,60,Line of Credit,Midwest,1,0.22,90,0,1,1
334,2024-03-01,697,78088,Hospitality,13,86329,36,Line of Credit,Midwest,7,0.56,81,0,1,0
335,2025-01-11,645,282940,Healthcare,9,41007,48,Refinance,Northeast,1,0.1,69,1,0,0
336,2023-06-29,748,251464,Hospitality,7,180604,24,Refinance,Midwest,1,0.94,48,0,0,0
337,2025-02-05,601,253441,Tech,15,326397,24,Term Loan,Northeast,3,0.47,-22,0,0,0
338,2024-12-21,782,160911,Construction,23,22323,60,Line of Credit,South,10,0.46,-79,0,1,1
339,2022-12-06,710,258777,Other,11,122356,24,Line of Credit,West,4,0.45,65,0,0,0
340,2023-08-19,717,40569,Tech,20,120944,60,Line of Credit,West,4,0.16,-2,1,1,1
341,2025-01-29,677,104836,Construction,2,214451,60,Refinance,West,2,0.67,-93,0,0,0
342,2022-09-28,588,139573,Legal,15,288600,60,Line of Credit,Midwest,1,0.76,89,0,0,0
343,2024-09-08,631,293090,Tech,14,41367,24,Term Loan,Northeast,3,0.71,74,0,0,1
344,2024-07-13,653,178087,Legal,20,64624,60,Term Loan,Northeast,4,0.22,-84,0,1,0
345,2022-07-04,678,80002,Retail,22,244565,24,Refinance,South,3,0.62,-84,0,1,0
346,2025-02-08,560,282666,Retail,11,78008,60,Refinance,Midwest,8,0.61,-11,0,0,0
347,2023-01-29,769,172326,Healthcare,3,126492,72,Line of Credit,South,10,0.88,40,1,0,1
348,2025-03-05,734,190286,Hospitality,17,82240,60,Refinance,Northeast,1,0.44,44,1,0,0
349,2022-07-26,766,246791,Tech,12,336459,36,Term Loan,Northeast,2,0.43,65,0,0,0
350,2024-10-13,727,237846,Legal,24,211659,60,Line of Credit,West,7,0.66,-20,1,0,0
351,2025-01-27,700,172162,Construction,21,282900,48,Term Loan,Midwest,4,0.67,-23,0,0,0
352,2025-02-10,708,177709,Retail,15,308522,60,Line of Credit,Northeast,8,0.52,72,0,1,1
353,2022-12-23,771,188487,Hospitality,16,145327,36,Refinance,West,3,0.5,-95,0,0,0
354,2024-10-24,591,59071,Retail,5,135703,36,Line of Credit,Midwest,6,0.54,62,0,1,0
355,2024-01-18,648,93243,Construction,20,328693,24,Line of Credit,South,9,0.87,9,0,0,0
356,2024-07-11,556,207312,Hospitality,6,175575,72,Term Loan,Midwest,1,0.52,-87,0,0,0
357,2023-12-04,693,292218,Hospitality,19,345938,60,Term Loan,Midwest,1,0.95,-29,0,0,1
358,2023-02-10,639,249879,Legal,5,317257,24,Line of Credit,Northeast,8,0.55,88,0,0,0
359,2024-09-07,661,63732,Legal,3,84069,72,Refinance,Northeast,3,0.95,42,0,0,1
360,2023-12-15,798,156465,Tech,1,239189,60,Refinance,Midwest,5,0.85,-47,0,0,0
361,2024-09-06,793,92108,Tech,6,261051,48,Term Loan,Northeast,1,0.43,-74,0,0,0
362,2023-10-30,609,146195,Real Estate,15,135541,60,Refinance,Northeast,5,0.88,-88,0,0,1
363,2023-03-08,662,71668,Other,2,199648,36,Term Loan,Northeast,6,0.2,58,0,0,0
364,2025-01-06,551,74749,Real Estate,3,266353,36,Refinance,West,8,0.93,62,0,0,0
365,2024-05-18,678,165560,Healthcare,17,281830,48,Line of Credit,West,3,0.67,-41,1,1,1
366,2024-08-08,597,182979,Retail,24,325507,24,Term Loan,Midwest,3,0.15,-95,0,1,0
367,2025-03-22,689,184849,Tech,12,141733,72,Term Loan,Northeast,10,0.68,96,0,0,0
368,2023-11-26,746,259301,Legal,18,185915,60,Line of Credit,West,9,0.98,-43,1,0,0
369,2025-01-25,586,86745,Construction,15,105673,36,Term Loan,Midwest,4,0.16,-52,0,0,0
370,2024-10-27,709,126865,Legal,12,52828,24,Refinance,Northeast,4,0.6,50,0,1,0
371,2022-08-22,796,247890,Retail,16,320748,48,Refinance,South,7,0.77,61,0,0,0
372,2024-03-12,558,58624,Real Estate,8,282670,36,Term Loan,Northeast,2,0.83,-75,1,0,0
373,2022-10-08,782,58321,Legal,14,341054,48,Refinance,Northeast,8,0.47,-54,0,0,1
374,2025-02-13,648,209293,Other,17,35592,60,Term Loan,West,6,0.28,-96,0,0,0
375,2023-06-05,696,294127,Healthcare,21,301126,72,Line of Credit,Midwest,3,0.14,-81,0,0,0
376,2023-09-16,597,221717,Retail,8,272351,36,Term Loan,Midwest,9,0.62,33,0,0,0
377,2022-06-04,757,218868,Real Estate,15,242041,36,Line of Credit,West,5,0.51,97,0,0,0
378,2023-04-02,680,170504,Other,14,240008,60,Refinance,Northeast,8,0.95,-42,0,0,0
379,2024-01-17,697,130257,Construction,18,134982,24,Line of Credit,South,7,0.15,91,0,0,1
380,2024-05-13,701,99291,Real Estate,20,266911,72,Refinance,Northeast,8,0.72,45,1,0,0
381,2024-05-13,603,245176,Hospitality,7,78619,36,Term Loan,Northeast,7,0.12,31,0,1,1
382,2024-04-06,669,225471,Other,3,170400,72,Refinance,South,3,0.25,-84,0,0,1
383,2025-03-04,710,253803,Other,12,318623,36,Term Loan,West,2,0.51,-87,1,1,0
384,2025-03-15,701,146317,Healthcare,21,161175,72,Term Loan,Midwest,7,0.51,-88,0,0,0
385,2022-11-18,665,174789,Retail,24,180963,48,Line of Credit,West,3,0.72,34,0,0,0
386,2024-01-28,624,108686,Construction,3,151826,36,Line of Credit,West,3,0.92,27,0,1,0
387,2024-05-25,662,102661,Healthcare,20,241055,72,Line of Credit,Northeast,2,0.68,-57,1,0,1
388,2023-04-15,749,79247,Real Estate,14,108540,24,Line of Credit,Midwest,4,0.96,18,0,1,1
389,2023-06-07,713,280121,Healthcare,15,345126,48,Refinance,Midwest,8,0.89,42,0,0,0
390,2022-06-29,715,182820,Other,14,112747,48,Refinance,West,1,0.63,-82,1,1,0
391,2023-08-12,653,181106,Retail,7,196994,24,Refinance,South,1,0.85,-38,0,0,1
392,2024-04-03,633,293930,Tech,17,320375,72,Term Loan,West,5,0.68,62,1,0,1
393,2023-02-18,776,171194,Healthcare,12,39301,60,Refinance,South,5,0.17,-20,1,0,0
394,2025-02-24,661,73638,Hospitality,20,232724,24,Refinance,Midwest,1,0.77,62,0,1,0
395,2022-09-23,766,153033,Healthcare,4,203783,72,Refinance,West,6,0.19,46,0,1,0
396,2023-03-21,648,140977,Real Estate,9,182395,24,Line of Credit,Northeast,1,0.63,47,0,1,1
397,2024-10-22,702,123869,Real Estate,6,28752,24,Refinance,West,5,0.73,-1,0,1,0
398,2022-10-24,642,140186,Construction,16,223277,36,Term Loan,Midwest,9,0.16,62,0,0,0
399,2023-01-31,695,201926,Real Estate,22,154467,72,Line of Credit,Northeast,5,0.31,59,0,0,0
400,2023-10-01,677,81271,Legal,22,227029,60,Term Loan,Northeast,6,0.92,21,1,0,0
401,2025-01-14,659,176339,Retail,21,66273,36,Refinance,South,8,0.65,75,0,0,0
402,2022-09-18,631,256897,Retail,21,268503,24,Line of Credit,Northeast,1,0.32,-57,0,0,1
403,2024-08-09,743,36062,Tech,2,101878,24,Term Loan,Northeast,2,0.72,3,1,0,0
404,2024-08-01,603,282736,Tech,24,277039,24,Refinance,West,9,0.64,51,1,0,0
405,2022-11-24,712,85448,Retail,8,129968,72,Term Loan,Midwest,3,0.55,-40,0,0,0
406,2025-01-30,757,130462,Hospitality,11,86559,72,Term Loan,South,6,0.98,24,1,0,0
407,2025-03-31,738,280885,Tech,13,20699,36,Term Loan,West,5,0.72,44,0,0,0
408,2023-07-13,718,82915,Construction,17,206133,60,Refinance,Northeast,2,0.44,-30,1,0,0
409,2023-02-15,777,139592,Real Estate,8,19715,36,Refinance,Northeast,7,0.82,6,0,0,0
410,2022-12-07,710,169668,Retail,21,29169,48,Term Loan,South,4,0.9,-51,0,0,0
411,2022-10-04,617,143099,Other,18,128413,24,Line of Credit,Midwest,1,0.21,-36,0,0,0
412,2024-03-21,582,42561,Tech,18,129264,24,Line of Credit,South,4,0.28,-2,0,0,0
413,2022-10-06,691,117152,Retail,14,277926,24,Refinance,West,6,0.29,-69,0,0,1
414,2023-04-03,570,160036,Legal,15,229249,36,Refinance,South,7,0.72,63,0,0,1
415,2024-04-30,597,61734,Healthcare,6,134481,36,Refinance,Northeast,7,0.64,40,0,0,0
416,2023-05-02,697,61069,Real Estate,11,225400,24,Refinance,West,7,0.66,97,1,0,0
417,2024-11-20,797,245977,Retail,13,45585,36,Refinance,Northeast,3,0.95,-43,0,0,1
418,2023-11-18,677,47910,Healthcare,1,302826,72,Line of Credit,Midwest,6,0.8,27,0,0,0
419,2025-04-27,685,116264,Tech,6,188936,72,Refinance,Northeast,8,0.22,41,0,1,1
420,2022-05-08,684,58275,Healthcare,9,48067,36,Term Loan,Northeast,4,0.41,64,0,1,1
421,2024-03-13,744,107274,Real Estate,8,183757,24,Term Loan,South,8,0.49,11,1,0,0
422,2025-01-02,694,226076,Retail,11,263334,36,Line of Credit,Northeast,2,0.46,-33,1,0,0
423,2024-11-07,677,229053,Legal,22,28073,36,Term Loan,West,10,0.7,-61,0,0,1
424,2024-08-26,582,220625,Hospitality,19,46035,36,Line of Credit,West,9,0.9,86,0,0,0
425,2025-04-05,725,83447,Tech,24,206049,48,Line of Credit,Midwest,9,0.38,43,0,1,0
426,2023-03-24,753,110703,Retail,9,243782,72,Term Loan,West,8,0.6,89,0,0,0
427,2023-08-22,736,147581,Real Estate,17,100373,60,Refinance,South,10,0.81,31,1,0,0
428,2024-05-06,664,224728,Tech,12,100517,60,Term Loan,Midwest,10,0.47,72,0,0,0
429,2023-11-03,763,151421,Construction,14,75450,48,Term Loan,West,1,0.25,-11,0,1,0
430,2022-11-21,668,36605,Healthcare,15,20382,36,Line of Credit,South,2,0.53,-73,0,0,1
431,2023-04-27,571,107303,Hospitality,16,212043,48,Term Loan,West,6,0.15,-5,0,0,0
432,2022-11-11,787,193211,Real Estate,22,231427,48,Line of Credit,West,10,0.95,93,1,0,0
433,2024-11-06,707,222210,Construction,22,71929,24,Refinance,Northeast,5,0.17,-70,0,0,0
434,2022-11-07,587,296949,Other,20,243483,72,Refinance,West,9,0.49,-98,0,0,0
435,2022-07-14,779,179990,Retail,1,238590,60,Refinance,West,5,0.58,35,0,0,0
436,2025-03-07,658,193518,Legal,10,153401,36,Term Loan,South,2,0.99,-77,0,1,1
437,2023-10-18,600,159040,Tech,8,266677,60,Line of Credit,South,10,0.25,-86,0,1,1
438,2025-03-19,731,179118,Healthcare,18,297313,60,Refinance,Northeast,4,0.2,70,0,1,0
439,2023-02-17,557,266966,Tech,1,97468,72,Line of Credit,West,9,0.11,58,0,0,0
440,2025-01-04,576,51389,Hospitality,2,44594,60,Line of Credit,Northeast,1,0.24,-56,0,1,0
441,2022-07-07,576,157177,Retail,1,201703,60,Refinance,West,1,0.29,93,0,0,0
442,2023-10-25,775,194818,Tech,1,55033,48,Refinance,Midwest,7,0.67,-93,0,0,0
443,2023-01-16,570,157883,Healthcare,9,73133,72,Line of Credit,Midwest,3,0.3,-30,0,0,0
444,2023-08-01,579,253958,Retail,13,83861,24,Refinance,Northeast,10,0.12,7,0,0,1
445,2024-04-03,646,273213,Tech,1,193362,36,Line of Credit,Northeast,2,0.84,14,0,0,0
446,2024-06-08,577,147221,Legal,13,303894,60,Line of Credit,Northeast,9,0.43,2,0,0,0
447,2023-08-16,660,295669,Real Estate,20,50461,36,Refinance,South,3,0.42,24,0,0,1
448,2022-10-12,741,269936,Retail,22,88222,24,Term Loan,South,2,0.37,-44,0,1,0
449,2022-06-30,774,35846,Real Estate,7,122020,36,Refinance,South,8,0.98,-71,0,0,0
450,2022-11-26,746,45954,Other,2,296370,24,Term Loan,Northeast,10,0.25,45,0,0,0
451,2023-08-27,610,279761,Retail,6,278865,48,Line of Credit,West,6,0.91,13,0,0,0
452,2023-03-23,597,172541,Legal,7,30609,60,Line of Credit,Midwest,6,0.8,96,0,0,1
453,2024-06-01,696,99323,Real Estate,14,140513,24,Term Loan,Northeast,10,0.17,16,0,0,0
454,2025-02-05,553,126922,Construction,18,213981,36,Line of Credit,South,7,0.99,66,0,0,1
455,2024-09-28,584,224139,Healthcare,15,114211,60,Term Loan,South,7,0.34,-41,0,0,0
456,2024-05-18,741,215448,Construction,2,196321,48,Term Loan,Northeast,6,0.19,-3,1,0,0
457,2023-01-01,598,211659,Tech,10,346664,60,Line of Credit,Northeast,4,0.85,70,0,0,1
458,2024-02-28,566,270659,Legal,23,336453,24,Term Loan,South,9,0.74,25,0,1,0
459,2023-10-26,721,139537,Construction,12,39984,48,Refinance,West,6,0.66,72,0,0,0
460,2024-11-12,769,276983,Retail,17,128947,36,Refinance,South,4,0.24,50,0,0,0
461,2023-03-13,707,77533,Tech,8,214894,48,Line of Credit,South,3,0.53,96,0,1,0
462,2024-08-05,770,298972,Tech,11,15901,48,Line of Credit,Northeast,4,0.8,-7,0,0,0
463,2023-08-29,595,36917,Construction,3,172624,72,Term Loan,West,3,0.37,33,1,0,0
464,2023-08-03,666,67254,Other,6,232317,48,Term Loan,South,2,0.38,83,0,1,0
465,2025-01-06,555,296987,Construction,9,303199,48,Term Loan,South,5,0.1,21,1,0,0
466,2023-01-19,648,82362,Other,6,178757,60,Term Loan,Midwest,2,0.26,7,0,0,1
467,2023-10-02,673,277353,Legal,9,155788,36,Refinance,Northeast,6,0.89,-97,0,0,0
468,2025-04-06,782,225455,Healthcare,7,124099,60,Refinance,Midwest,3,0.5,-8,0,0,1
469,2023-04-25,586,100545,Construction,9,21138,60,Line of Credit,Midwest,6,0.99,50,0,0,0
470,2024-11-21,573,117180,Hospitality,18,176370,24,Term Loan,South,10,0.46,-95,0,0,0
471,2023-12-20,642,122958,Other,12,33429,60,Term Loan,Northeast,9,0.74,-69,0,0,1
472,2025-04-15,790,40287,Construction,8,60200,72,Line of Credit,West,1,0.35,5,0,0,0
473,2024-06-25,595,292665,Real Estate,8,212380,72,Term Loan,South,6,0.43,45,1,0,0
474,2023-12-12,730,43512,Retail,18,258289,24,Term Loan,West,9,0.27,-86,1,0,0
475,2024-03-20,644,167414,Hospitality,20,255127,36,Term Loan,West,4,0.41,67,0,0,0
476,2025-01-21,648,143872,Hospitality,15,246513,36,Term Loan,Northeast,2,0.59,21,0,0,0
477,2022-09-26,737,282754,Other,7,27347,60,Term Loan,Midwest,4,0.99,-5,0,0,0
478,2023-04-19,774,128070,Real Estate,11,157992,60,Line of Credit,Northeast,1,0.7,-95,0,1,1
479,2023-06-03,665,114767,Real Estate,20,41822,60,Term Loan,West,3,0.28,11,0,0,0
480,2023-09-26,740,132829,Tech,16,50108,36,Line of Credit,South,10,0.14,19,0,0,1
481,2023-12-18,762,77078,Other,4,17967,48,Term Loan,West,9,0.21,22,0,0,1
482,2024-06-20,709,118524,Healthcare,6,21871,72,Refinance,South,10,0.61,90,0,0,0
483,2023-11-03,764,262645,Retail,22,235371,48,Refinance,South,5,0.79,-34,1,1,0
484,2022-05-19,710,47219,Legal,3,218524,48,Refinance,Northeast,6,0.95,5,0,0,1
485,2023-09-12,616,297379,Hospitality,9,215342,36,Refinance,West,3,0.11,38,1,1,1
486,2024-01-10,677,162309,Legal,10,174685,48,Line of Credit,Midwest,5,0.57,-58,0,0,0
487,2023-05-05,567,174639,Construction,14,38179,24,Line of Credit,West,8,0.52,44,0,0,0
488,2022-08-16,574,231513,Construction,11,261537,60,Term Loan,West,6,0.69,-5,0,0,0
489,2022-08-25,783,283320,Legal,18,193260,24,Refinance,Midwest,4,0.6,31,0,1,0
490,2023-05-27,772,171487,Construction,22,327243,72,Line of Credit,Northeast,2,0.72,90,0,0,0
491,2024-02-21,603,202231,Healthcare,12,45262,60,Term Loan,West,9,0.69,95,0,0,0
492,2025-02-13,607,78925,Real Estate,23,70545,48,Term Loan,West,1,0.21,-20,0,0,0
493,2024-07-29,616,172023,Construction,12,244555,72,Line of Credit,South,1,0.82,-60,0,0,0
494,2023-05-13,653,122388,Tech,13,233894,60,Refinance,West,4,0.21,32,0,1,0
495,2024-09-16,723,43007,Construction,13,213218,48,Term Loan,Midwest,7,0.73,59,0,0,0
496,2022-07-09,573,292802,Retail,19,312066,24,Refinance,South,1,0.47,97,0,0,0
497,2023-08-24,663,93596,Healthcare,19,52913,60,Refinance,Northeast,9,0.56,-66,0,0,0
498,2025-01-05,581,290266,Retail,23,260497,48,Refinance,South,4,0.91,-79,0,0,0
499,2024-03-14,724,50524,Retail,14,187404,24,Term Loan,Midwest,3,0.9,92,0,1,0
500,2023-12-09,635,190002,Tech,4,166104,72,Refinance,Midwest,1,0.84,49,1,0,0
